Inselberg,PC1,PC2
IVC,-2.311085652715434,-2.143807399002832
SPN,0.07126412679194347,-0.12392594988734665
KAM,-0.3844936203766419,1.455776295504478
SWE,1.61156670699748,0.09146124514220391
FRA,0.971672128889941,-0.2507320040866577
USA,1.7226363959767526,-1.7048100373199646
KOR,-0.011807105619965282,-0.09374863578436037
SWA,-0.275988132963144,1.0272433073907803
NWA,-0.582215939656597,1.4982841325357106
MAL,-0.811548907324336,0.24425904550798683
