Inselberg;Pool;Alpha;Biomass;Depth;Gamma;PC1;PC2;ASE;GSE
IVC;Ivor1;9;65.06045295;45;26.404;-2.311085653;-2.143807399;0.011;2.86
IVC;Ivor2;3;0.05994437;5.6;26.404;-2.311085653;-2.143807399;0.007;2.86
IVC;Ivor3;3;0.084549258;12;26.404;-2.311085653;-2.143807399;0.002;2.86
IVC;Ivor4;2;0.001265067;6;26.404;-2.311085653;-2.143807399;0.331;2.86
IVC;Ivor5;9.99;0.783396273;9;26.404;-2.311085653;-2.143807399;3.74;2.86
IVC;Ivor6;8;0.191868777;42;26.404;-2.311085653;-2.143807399;0.482;2.86
IVC;Ivor7;4;43.54884973;53.5;26.404;-2.311085653;-2.143807399;0;2.86
IVC;Ivor8;2;0.011189426;5;26.404;-2.311085653;-2.143807399;0;2.86
IVC;Ivor10;5;0.455722982;9;26.404;-2.311085653;-2.143807399;0.333;2.86
IVC;Ivor11;5;2.181267944;5;26.404;-2.311085653;-2.143807399;0.05;2.86
IVC;Ivor12;6.497;13.92398009;5.5;26.404;-2.311085653;-2.143807399;1.316;2.86
IVC;Ivor13;6;2.185388412;11;26.404;-2.311085653;-2.143807399;0;2.86
IVC;Ivor14;8;4.506993034;7;26.404;-2.311085653;-2.143807399;0.288;2.86
IVC;Ivor15;5;0.231732146;27;26.404;-2.311085653;-2.143807399;0.137;2.86
IVC;Ivor16;8;1.612761845;27;26.404;-2.311085653;-2.143807399;0.482;2.86
IVC;Ivor17;4;20.35667838;7;26.404;-2.311085653;-2.143807399;0.404;2.86
IVC;Ivor18;8;7.380947324;6.5;26.404;-2.311085653;-2.143807399;0.004;2.86
IVC;Ivor19;5;0.434604376;8.5;26.404;-2.311085653;-2.143807399;0.134;2.86
IVC;Ivor20;1;13.12724054;5.5;26.404;-2.311085653;-2.143807399;0;2.86
IVC;Ivor21;4;0.099267134;9;26.404;-2.311085653;-2.143807399;0.002;2.86
IVC;Ivor22;4;0.074730697;42;26.404;-2.311085653;-2.143807399;0.018;2.86
IVC;Ivor23;10;101.5507549;2;26.404;-2.311085653;-2.143807399;0.369;2.86
IVC;Ivor24;2;0.667905058;3;26.404;-2.311085653;-2.143807399;0;2.86
IVC;Ivor25;8.66;7.567787509;2.5;26.404;-2.311085653;-2.143807399;1.305;2.86
IVC;Ivor26;8;0.866415318;48;26.404;-2.311085653;-2.143807399;0;2.86
IVC;Ivor27;3;0.077946815;4.5;26.404;-2.311085653;-2.143807399;0;2.86
SPN;Spain1;7;5.46771325;16.5;24.636;0.071264127;-0.12392595;0.082;11.147
SPN;Spain2;4;2.748348315;6.5;24.636;0.071264127;-0.12392595;0.479;11.147
SPN;Spain3;7;2.52511918;14;24.636;0.071264127;-0.12392595;0.367;11.147
SPN;Spain4;5;0.464216376;3.8;24.636;0.071264127;-0.12392595;0.134;11.147
SPN;Spain5;4;0.179930748;3.7;24.636;0.071264127;-0.12392595;0.018;11.147
SPN;Spain6;6;1.532325145;4.9;24.636;0.071264127;-0.12392595;0.07;11.147
SPN;Spain7;7;1.25702002;11.9;24.636;0.071264127;-0.12392595;0.529;11.147
SPN;Spain8;2;0.188029909;4.3;24.636;0.071264127;-0.12392595;0.03;11.147
SPN;Spain9;4;13.09217621;4.3;24.636;0.071264127;-0.12392595;0.343;11.147
SPN;Spain10;6;6.959974851;3.7;24.636;0.071264127;-0.12392595;0.367;11.147
SPN;Spain11;5;6.415089345;10.6;24.636;0.071264127;-0.12392595;0.217;11.147
SPN;Spain12;6;13.96189067;3.7;24.636;0.071264127;-0.12392595;0.482;11.147
SPN;Spain13;8;1.764087324;19.5;24.636;0.071264127;-0.12392595;0.217;11.147
SPN;Spain14;8;0.868878605;17.8;24.636;0.071264127;-0.12392595;0.137;11.147
SPN;Spain15;4;16.31233937;6.9;24.636;0.071264127;-0.12392595;0.134;11.147
SPN;Spain16;4;0.302027405;15.8;24.636;0.071264127;-0.12392595;0.222;11.147
SPN;Spain17;4;3.186132906;6.1;24.636;0.071264127;-0.12392595;0.482;11.147
SPN;Spain18;4;2.352994943;6.8;24.636;0.071264127;-0.12392595;0.503;11.147
SPN;Spain19;4;0.904827631;2.6;24.636;0.071264127;-0.12392595;0.134;11.147
SPN;Spain20;3;0.314958207;5.3;24.636;0.071264127;-0.12392595;0.082;11.147
SPN;Spain21;3;0.076437993;1.9;24.636;0.071264127;-0.12392595;0.217;11.147
SPN;Spain22;3;0.122788516;2.6;24.636;0.071264127;-0.12392595;0.489;11.147
KAM;Kam1;5;40.6532821;30;38.273;-0.38449362;1.455776296;0;11.376
KAM;Kam2;7;8.122350211;34;38.273;-0.38449362;1.455776296;0.232;11.376
KAM;Kam3;8;0.430361775;83;38.273;-0.38449362;1.455776296;0.503;11.376
KAM;Kam4;6;3.145565644;37;38.273;-0.38449362;1.455776296;0;11.376
KAM;Kam5;8;0.433863523;78;38.273;-0.38449362;1.455776296;0.157;11.376
KAM;Kam6;9;0.068149166;97;38.273;-0.38449362;1.455776296;0.592;11.376
KAM;Kam7;8;1.004712188;22;38.273;-0.38449362;1.455776296;0.529;11.376
KAM;Kam8;10;1.874658345;26;38.273;-0.38449362;1.455776296;0.007;11.376
KAM;Kam9;7;132.7401713;21;38.273;-0.38449362;1.455776296;0.001;11.376
KAM;Kam10;7;20.18940143;29.2;38.273;-0.38449362;1.455776296;0.427;11.376
KAM;Kam12;7;1.527269385;66;38.273;-0.38449362;1.455776296;0.536;11.376
SWE;Swed1;4;1.597768394;80;34.25;1.611566707;0.091461245;0.481;13.02
SWE;Swed2;4;1.769633529;7;34.25;1.611566707;0.091461245;0.217;13.02
SWE;Swed3;4;1.174972515;20;34.25;1.611566707;0.091461245;0.52;13.02
SWE;Swed4;2;0.128152608;45;34.25;1.611566707;0.091461245;0.476;13.02
SWE;Swed5;2;0.075819986;30;34.25;1.611566707;0.091461245;0.48;13.02
SWE;Swed6;3;3.440830269;20;34.25;1.611566707;0.091461245;0.485;13.02
SWE;Swed7;5;2.795658022;40;34.25;1.611566707;0.091461245;0.481;13.02
SWE;Swed8;10;114.8039906;10;34.25;1.611566707;0.091461245;0.018;13.02
SWE;Swed9;8;61.38804129;10;34.25;1.611566707;0.091461245;0.001;13.02
SWE;Swed10;10;26.03680392;10;34.25;1.611566707;0.091461245;0.19;13.02
SWE;Swed11;6;2.819280943;30;34.25;1.611566707;0.091461245;0.342;13.02
SWE;Swed12;3;0.960897048;40;34.25;1.611566707;0.091461245;0.134;13.02
SWE;Swed13;5;5.322818655;25;34.25;1.611566707;0.091461245;0.528;13.02
SWE;Swed14;5;23.58010348;15;34.25;1.611566707;0.091461245;0.082;13.02
SWE;Swed15;4;0.542127116;15;34.25;1.611566707;0.091461245;0.482;13.02
SWE;Swed16;1.99;2.231507076;25;34.25;1.611566707;0.091461245;3.732;13.02
SWE;Swed18;6.24;0.147346248;30;34.25;1.611566707;0.091461245;0.715;13.02
SWE;Swed19;8;1.340746034;20;34.25;1.611566707;0.091461245;0.217;13.02
SWE;Swed20;7;0.614444099;20;34.25;1.611566707;0.091461245;0.369;13.02
SWE;Swed21;10;2.90658558;15;34.25;1.611566707;0.091461245;0.083;13.02
FRA;Fran1;4;0.64887276;21;18.263;0.971672129;-0.250732004;0;6.832
FRA;Fran2;5;4.553588514;4;18.263;0.971672129;-0.250732004;0.482;6.832
FRA;Fran3;6;41.51480068;17;18.263;0.971672129;-0.250732004;0.136;6.832
FRA;Fran4;3;42.53623532;2.5;18.263;0.971672129;-0.250732004;0.519;6.832
FRA;Fran5;1;0.384712996;10;18.263;0.971672129;-0.250732004;0.007;6.832
FRA;Fran6;4.99;61.90078383;8;18.263;0.971672129;-0.250732004;2.161;6.832
FRA;Fran7;1;0.384712996;4;18.263;0.971672129;-0.250732004;0.08;6.832
FRA;Fran8;2;5.370977139;11.5;18.263;0.971672129;-0.250732004;0;6.832
FRA;Fran9;2;2.868274644;11.5;18.263;0.971672129;-0.250732004;0.018;6.832
FRA;Fran10;5.99;0.260859348;7.5;18.263;0.971672129;-0.250732004;2.174;6.832
FRA;Fran11;1;0.287899838;7;18.263;0.971672129;-0.250732004;0.312;6.832
FRA;Fran12;1;0.043903815;2;18.263;0.971672129;-0.250732004;0.312;6.832
FRA;Fran13;3;0.516592061;14;18.263;0.971672129;-0.250732004;0.503;6.832
FRA;Fran14;2;2.274831554;9.5;18.263;0.971672129;-0.250732004;0;6.832
FRA;Fran16;5;52.63931619;5;18.263;0.971672129;-0.250732004;0.343;6.832
FRA;Fran17;7.97;27.24161126;4;18.263;0.971672129;-0.250732004;3.681;6.832
FRA;Fran18;12.99;1.108559977;17;18.263;0.971672129;-0.250732004;4.487;6.832
FRA;Fran19;5;1.368743803;22;18.263;0.971672129;-0.250732004;0.001;6.832
FRA;Fran22;6;4.84705049;12.5;18.263;0.971672129;-0.250732004;0;6.832
USA;App1;2;0.102002271;31.5;8.479;1.722636396;-1.704810037;0.018;1.276
USA;App2;3;5.598046817;4;8.479;1.722636396;-1.704810037;0.082;1.276
USA;App3;3;15.48839163;3.5;8.479;1.722636396;-1.704810037;0;1.276
USA;App4;3;0.315706176;7;8.479;1.722636396;-1.704810037;0.001;1.276
USA;App5;3;0.80894663;23;8.479;1.722636396;-1.704810037;0;1.276
USA;App6;3;0.435934595;8.5;8.479;1.722636396;-1.704810037;0.342;1.276
USA;App7;4;0.296737629;9;8.479;1.722636396;-1.704810037;0.483;1.276
USA;App8;3;4.794344535;9.5;8.479;1.722636396;-1.704810037;0;1.276
USA;App9;10.14;0.055859288;7;8.479;1.722636396;-1.704810037;6.042;1.276
USA;App10;4.5;9.000861453;8;8.479;1.722636396;-1.704810037;1.323;1.276
USA;App11;4;2.032018627;12.5;8.479;1.722636396;-1.704810037;0.089;1.276
USA;App12;3;4.165367223;5.5;8.479;1.722636396;-1.704810037;0;1.276
USA;App13;3;1.971245698;9;8.479;1.722636396;-1.704810037;0;1.276
USA;App14;3;13.98897898;;8.479;1.722636396;-1.704810037;0;1.276
USA;App15;1;0.000509893;2;8.479;1.722636396;-1.704810037;0.2;1.276
USA;App16;1;0.000285921;5;8.479;1.722636396;-1.704810037;0.049;1.276
USA;App17;1;0.000397907;6;8.479;1.722636396;-1.704810037;0.08;1.276
USA;App18;4;2.520378987;10.5;8.479;1.722636396;-1.704810037;0.5;1.276
USA;App19;1;0.046047267;11;8.479;1.722636396;-1.704810037;0;1.276
USA;App20;2;0.077804197;17.5;8.479;1.722636396;-1.704810037;0.336;1.276
USA;App21;3;2.574962355;13.5;8.479;1.722636396;-1.704810037;0.342;1.276
USA;App22;3;3.437065772;7;8.479;1.722636396;-1.704810037;0.343;1.276
USA;App23;2;0.661525461;14;8.479;1.722636396;-1.704810037;0.342;1.276
USA;App24;2;0.141082368;42;8.479;1.722636396;-1.704810037;0.482;1.276
KOR;Kor1;3;4.086115065;15;23.368;-0.011807106;-0.093748636;0.1;6.991
KOR;Kor2;2;3.842662463;5.5;23.368;-0.011807106;-0.093748636;0.134;6.991
KOR;Kor3;2;2.789153112;24;23.368;-0.011807106;-0.093748636;0.03;6.991
KOR;Kor4;3;0.398448024;24;23.368;-0.011807106;-0.093748636;0.498;6.991
KOR;Kor5;6;0.783754151;27.5;23.368;-0.011807106;-0.093748636;0.506;6.991
KOR;Kor6;3;0.010576698;37;23.368;-0.011807106;-0.093748636;0.351;6.991
KOR;Kor7;4;0.364934916;31;23.368;-0.011807106;-0.093748636;0.482;6.991
KOR;Kor8;4;4.469711586;31;23.368;-0.011807106;-0.093748636;0.342;6.991
KOR;Kor9;5.5;9.868287023;17;23.368;-0.011807106;-0.093748636;1.322;6.991
KOR;Kor10;5.5;0.400453042;27;23.368;-0.011807106;-0.093748636;1.316;6.991
KOR;Kor11;8;0.127534591;25.5;23.368;-0.011807106;-0.093748636;0.37;6.991
KOR;Kor12;7.99;0.08404533;34;23.368;-0.011807106;-0.093748636;2.23;6.991
KOR;Kor14;7;33.37792949;32;23.368;-0.011807106;-0.093748636;0.53;6.991
KOR;Kor15;5;13.67395572;10;23.368;-0.011807106;-0.093748636;0.482;6.991
KOR;Kor16;3;0.144562235;23;23.368;-0.011807106;-0.093748636;0.342;6.991
KOR;Kor17;3;9.174259359;23;23.368;-0.011807106;-0.093748636;0;6.991
KOR;Kor18;3;3.188204116;24;23.368;-0.011807106;-0.093748636;0;6.991
KOR;Kor19;3.5;13.70212199;4.5;23.368;-0.011807106;-0.093748636;1.321;6.991
KOR;Kor20;5;10.91272007;21;23.368;-0.011807106;-0.093748636;0.217;6.991
KOR;Kor21;4;0.290963857;28;23.368;-0.011807106;-0.093748636;0;6.991
KOR;Kor22;8;0.199201972;37;23.368;-0.011807106;-0.093748636;0.413;6.991
KOR;Kor23;9.99;1.323589903;21;23.368;-0.011807106;-0.093748636;3.734;6.991
KOR;Kor24;15.99;1.694276634;18;23.368;-0.011807106;-0.093748636;7.134;6.991
KOR;Kor25;4;6.709096879;22;23.368;-0.011807106;-0.093748636;0.002;6.991
KOR;Kor26;5;9.341334025;25.7;23.368;-0.011807106;-0.093748636;0.346;6.991
KOR;Kor27;6;0.055153069;34;23.368;-0.011807106;-0.093748636;0.537;6.991
KOR;Kor28;8;0.202274342;38;23.368;-0.011807106;-0.093748636;0.608;6.991
KOR;Kor29;3.99;3.086731058;18.2;23.368;-0.011807106;-0.093748636;2.119;6.991
KOR;Kor30;4;4.599403345;18.2;23.368;-0.011807106;-0.093748636;0.157;6.991
KOR;Kor31;10.99;0.061830942;26;23.368;-0.011807106;-0.093748636;3.731;6.991
KOR;Kor32;7;1.794718248;22;23.368;-0.011807106;-0.093748636;0.234;6.991
KOR;Kor33;7;0.921121005;19;23.368;-0.011807106;-0.093748636;0.483;6.991
KOR;Kor34;7;1.251058234;16;23.368;-0.011807106;-0.093748636;0.374;6.991
KOR;Kor35;16.98;1.283190562;18;23.368;-0.011807106;-0.093748636;11.646;6.991
SWA;Soz1;16;1.439928947;38;32.383;-0.275988133;1.027243307;0.485;0.839
SWA;Soz2;15.5;0.534163153;15;32.383;-0.275988133;1.027243307;1.322;0.839
SWA;Soz3;12.16;0.363111598;7;32.383;-0.275988133;1.027243307;0.533;0.839
SWA;Soz4;17;0.712179576;3.7;32.383;-0.275988133;1.027243307;1.87;0.839
SWA;Soz5;20.5;0.888997661;29;32.383;-0.275988133;1.027243307;1.323;0.839
SWA;Soz6;15.99;1.41883122;13;32.383;-0.275988133;1.027243307;1.87;0.839
SWA;Soz7;14;1.084467117;7;32.383;-0.275988133;1.027243307;0.742;0.839
SWA;Soz8;8;1.315592079;2.2;32.383;-0.275988133;1.027243307;0.428;0.839
SWA;Soz9;16;0.555308763;26;32.383;-0.275988133;1.027243307;0.482;0.839
SWA;Soz10;10;1.067915739;8;32.383;-0.275988133;1.027243307;0.308;0.839
SWA;Soz11;17;0.123785974;26;32.383;-0.275988133;1.027243307;0.368;0.839
SWA;Soz12;16;1.948377605;12;32.383;-0.275988133;1.027243307;0.19;0.839
SWA;Soz13;13;2.760456829;21;32.383;-0.275988133;1.027243307;0.483;0.839
SWA;Soz14;11;1.751726458;7;32.383;-0.275988133;1.027243307;0.483;0.839
SWA;Soz16;13;8.984780483;8;32.383;-0.275988133;1.027243307;0.362;0.839
SWA;Soz17;24.99;2.202293106;13;32.383;-0.275988133;1.027243307;4.575;0.839
SWA;Soz18;16;0.947040022;9;32.383;-0.275988133;1.027243307;0.554;0.839
SWA;Soz19;16;2.023046813;11;32.383;-0.275988133;1.027243307;0.525;0.839
SWA;Soz20;15;2.193214326;9;32.383;-0.275988133;1.027243307;0.369;0.839
SWA;Soz21;15.5;1.60260022;13;32.383;-0.275988133;1.027243307;1.322;0.839
SWA;Soz22;21;0.771167209;14;32.383;-0.275988133;1.027243307;3.741;0.839
SWA;Soz23;11;6.798858272;8;32.383;-0.275988133;1.027243307;0.487;0.839
SWA;Soz24;8;68.9588134;6;32.383;-0.275988133;1.027243307;0.482;0.839
NWA;Noz1;12.99;5.136864025;23.5;21.479;-0.58221594;1.498284133;2.276;0.998
NWA;Noz2;4;10.19373031;5.5;21.479;-0.58221594;1.498284133;0.342;0.998
NWA;Noz3;10.5;1.461784508;13;21.479;-0.58221594;1.498284133;1.322;0.998
NWA;Noz4;9;13.9749126;27;21.479;-0.58221594;1.498284133;0.002;0.998
NWA;Noz5;3;5.41763359;7.5;21.479;-0.58221594;1.498284133;0.134;0.998
NWA;Noz6;4;3.002811361;11;21.479;-0.58221594;1.498284133;0.082;0.998
NWA;Noz7;10;1.831399232;13;21.479;-0.58221594;1.498284133;0.484;0.998
NWA;Noz8;3;0.457954621;7;21.479;-0.58221594;1.498284133;0.082;0.998
NWA;Noz9;2;0.807745861;8;21.479;-0.58221594;1.498284133;0;0.998
NWA;Noz10;11;4.830061093;18;21.479;-0.58221594;1.498284133;0.082;0.998
NWA;Noz11;9;12.75401358;22;21.479;-0.58221594;1.498284133;0.217;0.998
NWA;Noz12;12;13.0706057;12;21.479;-0.58221594;1.498284133;0.487;0.998
NWA;Noz13;10.96;1.680285798;7;21.479;-0.58221594;1.498284133;6.977;0.998
NWA;Noz14;8.99;26.7285835;17;21.479;-0.58221594;1.498284133;1.865;0.998
NWA;Noz15;11;109.2317751;28;21.479;-0.58221594;1.498284133;0.501;0.998
NWA;Noz16;1;0.15812489;8;21.479;-0.58221594;1.498284133;0.129;0.998
NWA;Noz17;5.49;6.862313168;9;21.479;-0.58221594;1.498284133;1.317;0.998
NWA;Noz18;6;71.04919281;13;21.479;-0.58221594;1.498284133;0.342;0.998
NWA;Noz19;3;0.345453651;12;21.479;-0.58221594;1.498284133;0.082;0.998
NWA;Noz20;4;279.6715656;21;21.479;-0.58221594;1.498284133;0.134;0.998
NWA;Noz21;5.49;6.334639792;9;21.479;-0.58221594;1.498284133;1.319;0.998
NWA;Noz22;8;327.607492;19;21.479;-0.58221594;1.498284133;0.482;0.998
NWA;Noz23;8;114.4667598;16;21.479;-0.58221594;1.498284133;0.572;0.998
NWA;Noz24;9.25;64.03109049;24;21.479;-0.58221594;1.498284133;0.728;0.998
MAL;Mal1;8;5.9542385;8;28.087;-0.811548907;0.244259046;0.082;1.72
MAL;Mal2;7;7.812689416;8;28.087;-0.811548907;0.244259046;0.002;1.72
MAL;Mal3;6;9.582409047;16;28.087;-0.811548907;0.244259046;0.001;1.72
MAL;Mal4;6;12.02536708;6;28.087;-0.811548907;0.244259046;0.482;1.72
MAL;Mal5;5;2.158513206;5;28.087;-0.811548907;0.244259046;0.482;1.72
MAL;Mal6;7;3.361719142;8;28.087;-0.811548907;0.244259046;0.368;1.72
MAL;Mal7;7;1.294323259;11;28.087;-0.811548907;0.244259046;0.405;1.72
MAL;Mal8;10.99;5.270979602;7;28.087;-0.811548907;0.244259046;3.741;1.72
MAL;Mal9;10.99;2.904044711;6;28.087;-0.811548907;0.244259046;2.265;1.72
MAL;Mal10;4;0.900789949;4;28.087;-0.811548907;0.244259046;0.481;1.72
MAL;Mal11;5.24;0.01943877;13;28.087;-0.811548907;0.244259046;0.719;1.72
MAL;Mal12;2;0.018083901;7;28.087;-0.811548907;0.244259046;0;1.72
MAL;Mal13;7.5;2.877537728;5.5;28.087;-0.811548907;0.244259046;1.322;1.72
MAL;Mal14;9;1.43332096;14;28.087;-0.811548907;0.244259046;2.248;1.72
MAL;Mal15;8;3.564376161;6;28.087;-0.811548907;0.244259046;0.486;1.72
MAL;Mal16;7;0.184664782;11;28.087;-0.811548907;0.244259046;0.01;1.72
MAL;Mal17;6;0.121898115;35;28.087;-0.811548907;0.244259046;0.482;1.72
MAL;Mal18;7;3.209427066;2;28.087;-0.811548907;0.244259046;0.05;1.72
MAL;Mal19;10.99;0.188151315;21;28.087;-0.811548907;0.244259046;3.731;1.72
MAL;Mal20;4.94;0.002730419;35;28.087;-0.811548907;0.244259046;2.052;1.72
MAL;Mal21;5.49;2.314337994;6;28.087;-0.811548907;0.244259046;1.321;1.72
MAL;Mal22;7;2.526921226;10;28.087;-0.811548907;0.244259046;0.489;1.72
MAL;Mal23;6;0.538692657;28;28.087;-0.811548907;0.244259046;0.485;1.72
MAL;Mal24;6;1.725863224;9;28.087;-0.811548907;0.244259046;0.352;1.72
MAL;Mal25;7;1.963176312;43;28.087;-0.811548907;0.244259046;0.002;1.72
MAL;Mal26;6;0.683733848;45;28.087;-0.811548907;0.244259046;0.01;1.72
MAL;Mal27;12;3.25698683;23;28.087;-0.811548907;0.244259046;3.741;1.72
MAL;Mal28;5;6.230832328;6;28.087;-0.811548907;0.244259046;0.082;1.72
MAL;Mal29;12.99;61.93630413;21;28.087;-0.811548907;0.244259046;7.066;1.72
MAL;Mal30;13.99;186.8094199;5;28.087;-0.811548907;0.244259046;1.87;1.72
